id_waktu,tanggal,minggu,bulan,tahun
20190711,2019-07-11,28,7,2019
20190811,2019-08-11,32,8,2019
20191111,2019-11-11,46,11,2019
20191211,2019-12-11,50,12,2019
20191113,2019-11-13,46,11,2019
20191114,2019-11-14,46,11,2019
20191115,2019-11-15,46,11,2019
20191118,2019-11-18,47,11,2019
20191119,2019-11-19,47,11,2019
20191120,2019-11-20,47,11,2019
20191121,2019-11-21,47,11,2019
20191122,2019-11-22,47,11,2019
20191125,2019-11-25,48,11,2019
20191126,2019-11-26,48,11,2019
20191127,2019-11-27,48,11,2019
20191128,2019-11-28,48,11,2019
20191129,2019-11-29,48,11,2019
20190212,2019-02-12,7,2,2019
20190312,2019-03-12,11,3,2019
20190412,2019-04-12,15,4,2019
20190512,2019-05-12,19,5,2019
20190612,2019-06-12,24,6,2019
20190912,2019-09-12,37,9,2019
20191012,2019-10-12,41,10,2019
20191112,2019-11-12,46,11,2019
20191212,2019-12-12,50,12,2019
20191213,2019-12-13,50,12,2019
20191216,2019-12-16,51,12,2019
20191217,2019-12-17,51,12,2019
20191218,2019-12-18,51,12,2019
20191219,2019-12-19,51,12,2019
20191220,2019-12-20,51,12,2019
20191223,2019-12-23,52,12,2019
20191226,2019-12-26,52,12,2019
20191227,2019-12-27,52,12,2019
20191230,2019-12-30,1,12,2019
20200201,2020-02-01,5,2,2020
20200301,2020-03-01,9,3,2020
20200601,2020-06-01,23,6,2020
20200701,2020-07-01,27,7,2020
20200801,2020-08-01,31,8,2020
20200901,2020-09-01,36,9,2020
20201001,2020-10-01,40,10,2020
20200113,2020-01-13,3,1,2020
20200114,2020-01-14,3,1,2020
20200115,2020-01-15,3,1,2020
20200116,2020-01-16,3,1,2020
20200117,2020-01-17,3,1,2020
20200120,2020-01-20,4,1,2020
20200121,2020-01-21,4,1,2020
20200122,2020-01-22,4,1,2020
20200123,2020-01-23,4,1,2020
20200124,2020-01-24,4,1,2020
20200127,2020-01-27,5,1,2020
20200128,2020-01-28,5,1,2020
20200129,2020-01-29,5,1,2020
20200130,2020-01-30,5,1,2020
20200131,2020-01-31,5,1,2020
20200302,2020-03-02,10,3,2020
20200402,2020-04-02,14,4,2020
20200502,2020-05-02,18,5,2020
20200602,2020-06-02,23,6,2020
20200702,2020-07-02,27,7,2020
20201002,2020-10-02,40,10,2020
20201102,2020-11-02,45,11,2020
20201202,2020-12-02,49,12,2020
20200213,2020-02-13,7,2,2020
20200214,2020-02-14,7,2,2020
20200217,2020-02-17,8,2,2020
20200218,2020-02-18,8,2,2020
20200219,2020-02-19,8,2,2020
20200220,2020-02-20,8,2,2020
20200221,2020-02-21,8,2,2020
20200224,2020-02-24,9,2,2020
20200225,2020-02-25,9,2,2020
20200226,2020-02-26,9,2,2020
20200227,2020-02-27,9,2,2020
20200228,2020-02-28,9,2,2020
20200203,2020-02-03,6,2,2020
20200303,2020-03-03,10,3,2020
20200403,2020-04-03,14,4,2020
20200503,2020-05-03,18,5,2020
20200603,2020-06-03,23,6,2020
20200903,2020-09-03,36,9,2020
20201003,2020-10-03,40,10,2020
20201103,2020-11-03,45,11,2020
20201203,2020-12-03,49,12,2020
20200313,2020-03-13,11,3,2020
20200316,2020-03-16,12,3,2020
20200317,2020-03-17,12,3,2020
20200318,2020-03-18,12,3,2020
20200319,2020-03-19,12,3,2020
20200320,2020-03-20,12,3,2020
20200323,2020-03-23,13,3,2020
20200324,2020-03-24,13,3,2020
20200326,2020-03-26,13,3,2020
20200327,2020-03-27,13,3,2020
20200330,2020-03-30,14,3,2020
20200331,2020-03-31,14,3,2020
20200104,2020-01-04,1,1,2020
20200204,2020-02-04,6,2,2020
20200304,2020-03-04,10,3,2020
20200604,2020-06-04,23,6,2020
20200704,2020-07-04,27,7,2020
20200804,2020-08-04,32,8,2020
20200904,2020-09-04,36,9,2020
20200413,2020-04-13,16,4,2020
20200414,2020-04-14,16,4,2020
20200415,2020-04-15,16,4,2020
20200416,2020-04-16,16,4,2020
20200417,2020-04-17,16,4,2020
20200420,2020-04-20,17,4,2020
20200421,2020-04-21,17,4,2020
20200422,2020-04-22,17,4,2020
20200423,2020-04-23,17,4,2020
20200424,2020-04-24,17,4,2020
20200427,2020-04-27,18,4,2020
20200428,2020-04-28,18,4,2020
20200429,2020-04-29,18,4,2020
20200430,2020-04-30,18,4,2020
20200405,2020-04-05,14,4,2020
20200505,2020-05-05,19,5,2020
20200605,2020-06-05,23,6,2020
20200805,2020-08-05,32,8,2020
20201105,2020-11-05,45,11,2020
20201205,2020-12-05,49,12,2020
20200513,2020-05-13,20,5,2020
20200514,2020-05-14,20,5,2020
20200515,2020-05-15,20,5,2020
20200518,2020-05-18,21,5,2020
20200519,2020-05-19,21,5,2020
20200520,2020-05-20,21,5,2020
20200526,2020-05-26,22,5,2020
20200527,2020-05-27,22,5,2020
20200528,2020-05-28,22,5,2020
20200529,2020-05-29,22,5,2020
20200206,2020-02-06,6,2,2020
20200306,2020-03-06,10,3,2020
20200406,2020-04-06,15,4,2020
20200506,2020-05-06,19,5,2020
20200806,2020-08-06,32,8,2020
20200906,2020-09-06,36,9,2020
20201006,2020-10-06,41,10,2020
20201106,2020-11-06,45,11,2020
20201206,2020-12-06,49,12,2020
20200615,2020-06-15,25,6,2020
20200616,2020-06-16,25,6,2020
20200617,2020-06-17,25,6,2020
20200618,2020-06-18,25,6,2020
20200619,2020-06-19,25,6,2020
20200622,2020-06-22,26,6,2020
20200623,2020-06-23,26,6,2020
20200624,2020-06-24,26,6,2020
20200625,2020-06-25,26,6,2020
20200626,2020-06-26,26,6,2020
20200629,2020-06-29,27,6,2020
20200630,2020-06-30,27,6,2020
20200107,2020-01-07,2,1,2020
20200207,2020-02-07,6,2,2020
20200307,2020-03-07,10,3,2020
20200607,2020-06-07,23,6,2020
20200707,2020-07-07,28,7,2020
20200807,2020-08-07,32,8,2020
20200907,2020-09-07,37,9,2020
20201007,2020-10-07,41,10,2020
20200713,2020-07-13,29,7,2020
20200714,2020-07-14,29,7,2020
20200715,2020-07-15,29,7,2020
20200716,2020-07-16,29,7,2020
20200717,2020-07-17,29,7,2020
20200720,2020-07-20,30,7,2020
20200721,2020-07-21,30,7,2020
20200722,2020-07-22,30,7,2020
20200723,2020-07-23,30,7,2020
20200724,2020-07-24,30,7,2020
20200727,2020-07-27,31,7,2020
20200728,2020-07-28,31,7,2020
20200729,2020-07-29,31,7,2020
20200730,2020-07-30,31,7,2020
20200308,2020-03-08,10,3,2020
20200408,2020-04-08,15,4,2020
20200508,2020-05-08,19,5,2020
20200608,2020-06-08,24,6,2020
20200708,2020-07-08,28,7,2020
20201008,2020-10-08,41,10,2020
20201108,2020-11-08,45,11,2020
20201208,2020-12-08,50,12,2020
20200813,2020-08-13,33,8,2020
20200814,2020-08-14,33,8,2020
20200818,2020-08-18,34,8,2020
20200819,2020-08-19,34,8,2020
20200824,2020-08-24,35,8,2020
20200825,2020-08-25,35,8,2020
20200826,2020-08-26,35,8,2020
20200827,2020-08-27,35,8,2020
20200828,2020-08-28,35,8,2020
20200831,2020-08-31,36,8,2020
20200109,2020-01-09,2,1,2020
20200209,2020-02-09,6,2,2020
20200309,2020-03-09,11,3,2020
20200409,2020-04-09,15,4,2020
20200709,2020-07-09,28,7,2020
20200809,2020-08-09,32,8,2020
20200909,2020-09-09,37,9,2020
20201009,2020-10-09,41,10,2020
20201109,2020-11-09,46,11,2020
20200914,2020-09-14,38,9,2020
20200915,2020-09-15,38,9,2020
20200916,2020-09-16,38,9,2020
20200917,2020-09-17,38,9,2020
20200918,2020-09-18,38,9,2020
20200921,2020-09-21,39,9,2020
20200922,2020-09-22,39,9,2020
20200923,2020-09-23,39,9,2020
20200924,2020-09-24,39,9,2020
20200925,2020-09-25,39,9,2020
20200928,2020-09-28,40,9,2020
20200929,2020-09-29,40,9,2020
20200930,2020-09-30,40,9,2020
20200110,2020-01-10,2,1,2020
20200210,2020-02-10,7,2,2020
20200510,2020-05-10,19,5,2020
20200610,2020-06-10,24,6,2020
20200710,2020-07-10,28,7,2020
20200810,2020-08-10,33,8,2020
20200910,2020-09-10,37,9,2020
20201210,2020-12-10,50,12,2020
20201013,2020-10-13,42,10,2020
20201014,2020-10-14,42,10,2020
20201015,2020-10-15,42,10,2020
20201016,2020-10-16,42,10,2020
20201019,2020-10-19,43,10,2020
20201020,2020-10-20,43,10,2020
20201021,2020-10-21,43,10,2020
20201022,2020-10-22,43,10,2020
20201023,2020-10-23,43,10,2020
20201026,2020-10-26,44,10,2020
20201027,2020-10-27,44,10,2020
20200211,2020-02-11,7,2,2020
20200311,2020-03-11,11,3,2020
20200411,2020-04-11,15,4,2020
20200511,2020-05-11,20,5,2020
20200611,2020-06-11,24,6,2020
20200911,2020-09-11,37,9,2020
20201011,2020-10-11,41,10,2020
20201111,2020-11-11,46,11,2020
20201211,2020-12-11,50,12,2020
20201113,2020-11-13,46,11,2020
20201116,2020-11-16,47,11,2020
20201117,2020-11-17,47,11,2020
20201118,2020-11-18,47,11,2020
20201119,2020-11-19,47,11,2020
20201120,2020-11-20,47,11,2020
20201123,2020-11-23,48,11,2020
20201124,2020-11-24,48,11,2020
20201125,2020-11-25,48,11,2020
20201126,2020-11-26,48,11,2020
20201127,2020-11-27,48,11,2020
20201130,2020-11-30,49,11,2020
20200112,2020-01-12,2,1,2020
20200212,2020-02-12,7,2,2020
20200312,2020-03-12,11,3,2020
20200412,2020-04-12,15,4,2020
20200712,2020-07-12,28,7,2020
20200812,2020-08-12,33,8,2020
20201012,2020-10-12,42,10,2020
20201112,2020-11-12,46,11,2020
20201214,2020-12-14,51,12,2020
20201215,2020-12-15,51,12,2020
20201216,2020-12-16,51,12,2020
20201217,2020-12-17,51,12,2020
20201218,2020-12-18,51,12,2020
20201221,2020-12-21,52,12,2020
20201222,2020-12-22,52,12,2020
20201223,2020-12-23,52,12,2020
20201228,2020-12-28,53,12,2020
20201229,2020-12-29,53,12,2020
20201230,2020-12-30,53,12,2020
20210401,2021-04-01,13,4,2021
20210501,2021-05-01,17,5,2021
20210601,2021-06-01,22,6,2021
20210701,2021-07-01,26,7,2021
20210801,2021-08-01,30,8,2021
20211101,2021-11-01,44,11,2021
20211201,2021-12-01,48,12,2021
20210113,2021-01-13,2,1,2021
20210114,2021-01-14,2,1,2021
20210115,2021-01-15,2,1,2021
20210118,2021-01-18,3,1,2021
20210119,2021-01-19,3,1,2021
20210120,2021-01-20,3,1,2021
20210121,2021-01-21,3,1,2021
20210122,2021-01-22,3,1,2021
20210125,2021-01-25,4,1,2021
20210126,2021-01-26,4,1,2021
20210127,2021-01-27,4,1,2021
20210128,2021-01-28,4,1,2021
20210129,2021-01-29,4,1,2021
20210102,2021-01-02,53,1,2021
20210202,2021-02-02,5,2,2021
20210302,2021-03-02,9,3,2021
20210402,2021-04-02,13,4,2021
20210502,2021-05-02,17,5,2021
20210802,2021-08-02,31,8,2021
20210902,2021-09-02,35,9,2021
20211002,2021-10-02,39,10,2021
20211102,2021-11-02,44,11,2021
20210215,2021-02-15,7,2,2021
20210216,2021-02-16,7,2,2021
20210217,2021-02-17,7,2,2021
20210218,2021-02-18,7,2,2021
20210219,2021-02-19,7,2,2021
20210222,2021-02-22,8,2,2021
20210223,2021-02-23,8,2,2021
20210224,2021-02-24,8,2,2021
20210225,2021-02-25,8,2,2021
20210226,2021-02-26,8,2,2021
20210103,2021-01-03,53,1,2021
20210203,2021-02-03,5,2,2021
20210303,2021-03-03,9,3,2021
20210403,2021-04-03,13,4,2021
20210503,2021-05-03,18,5,2021
20210803,2021-08-03,31,8,2021
20210903,2021-09-03,35,9,2021
20211003,2021-10-03,39,10,2021
20211203,2021-12-03,48,12,2021
20210315,2021-03-15,11,3,2021
20210316,2021-03-16,11,3,2021
20210317,2021-03-17,11,3,2021
20210318,2021-03-18,11,3,2021
20210319,2021-03-19,11,3,2021
20210322,2021-03-22,12,3,2021
20210323,2021-03-23,12,3,2021
20210324,2021-03-24,12,3,2021
20210325,2021-03-25,12,3,2021
20210326,2021-03-26,12,3,2021
20210329,2021-03-29,13,3,2021
20210330,2021-03-30,13,3,2021
20210331,2021-03-31,13,3,2021
20210104,2021-01-04,1,1,2021
20210504,2021-05-04,18,5,2021
20210604,2021-06-04,22,6,2021
20210704,2021-07-04,26,7,2021
20210804,2021-08-04,31,8,2021
20210904,2021-09-04,35,9,2021
20211204,2021-12-04,48,12,2021
20210413,2021-04-13,15,4,2021
20210414,2021-04-14,15,4,2021
20210415,2021-04-15,15,4,2021
20210416,2021-04-16,15,4,2021
20210419,2021-04-19,16,4,2021
20210420,2021-04-20,16,4,2021
20210421,2021-04-21,16,4,2021
20210422,2021-04-22,16,4,2021
20210423,2021-04-23,16,4,2021
20210426,2021-04-26,17,4,2021
20210427,2021-04-27,17,4,2021
20210428,2021-04-28,17,4,2021
20210429,2021-04-29,17,4,2021
20210430,2021-04-30,17,4,2021
20210305,2021-03-05,9,3,2021
20210405,2021-04-05,14,4,2021
20210505,2021-05-05,18,5,2021
20210605,2021-06-05,22,6,2021
20210705,2021-07-05,27,7,2021
20211005,2021-10-05,40,10,2021
20211105,2021-11-05,44,11,2021
20210517,2021-05-17,20,5,2021
20210518,2021-05-18,20,5,2021
20210519,2021-05-19,20,5,2021
20210520,2021-05-20,20,5,2021
20210521,2021-05-21,20,5,2021
20210524,2021-05-24,21,5,2021
20210525,2021-05-25,21,5,2021
20210527,2021-05-27,21,5,2021
20210528,2021-05-28,21,5,2021
20210531,2021-05-31,22,5,2021
20210206,2021-02-06,5,2,2021
20210306,2021-03-06,9,3,2021
20210406,2021-04-06,14,4,2021
20210706,2021-07-06,27,7,2021
20210806,2021-08-06,31,8,2021
20210906,2021-09-06,36,9,2021
20211006,2021-10-06,40,10,2021
20211106,2021-11-06,44,11,2021
20210614,2021-06-14,24,6,2021
20210615,2021-06-15,24,6,2021
20210616,2021-06-16,24,6,2021
20210617,2021-06-17,24,6,2021
20210618,2021-06-18,24,6,2021
20210621,2021-06-21,25,6,2021
20210622,2021-06-22,25,6,2021
20210623,2021-06-23,25,6,2021
20210624,2021-06-24,25,6,2021
20210625,2021-06-25,25,6,2021
20210628,2021-06-28,26,6,2021
20210629,2021-06-29,26,6,2021
20210630,2021-06-30,26,6,2021
20210107,2021-01-07,1,1,2021
20210207,2021-02-07,5,2,2021
20210507,2021-05-07,18,5,2021
20210607,2021-06-07,23,6,2021
20210707,2021-07-07,27,7,2021
20210807,2021-08-07,31,8,2021
20210907,2021-09-07,36,9,2021
20211207,2021-12-07,49,12,2021
20210713,2021-07-13,28,7,2021
20210714,2021-07-14,28,7,2021
20210715,2021-07-15,28,7,2021
20210716,2021-07-16,28,7,2021
20210719,2021-07-19,29,7,2021
20210721,2021-07-21,29,7,2021
20210722,2021-07-22,29,7,2021
20210723,2021-07-23,29,7,2021
20210726,2021-07-26,30,7,2021
20210727,2021-07-27,30,7,2021
20210728,2021-07-28,30,7,2021
20210729,2021-07-29,30,7,2021
20210730,2021-07-30,30,7,2021
20210208,2021-02-08,6,2,2021
20210308,2021-03-08,10,3,2021
20210408,2021-04-08,14,4,2021
20210508,2021-05-08,18,5,2021
20210608,2021-06-08,23,6,2021
20210908,2021-09-08,36,9,2021
20211008,2021-10-08,40,10,2021
20211208,2021-12-08,49,12,2021
20210813,2021-08-13,32,8,2021
20210816,2021-08-16,33,8,2021
20210818,2021-08-18,33,8,2021
20210819,2021-08-19,33,8,2021
20210820,2021-08-20,33,8,2021
20210823,2021-08-23,34,8,2021
20210824,2021-08-24,34,8,2021
20210825,2021-08-25,34,8,2021
20210826,2021-08-26,34,8,2021
20210827,2021-08-27,34,8,2021
20210830,2021-08-30,35,8,2021
20210831,2021-08-31,35,8,2021
20210109,2021-01-09,1,1,2021
20210209,2021-02-09,6,2,2021
20210309,2021-03-09,10,3,2021
20210609,2021-06-09,23,6,2021
20210709,2021-07-09,27,7,2021
20210809,2021-08-09,32,8,2021
20210909,2021-09-09,36,9,2021
20211009,2021-10-09,40,10,2021
20210913,2021-09-13,37,9,2021
20210914,2021-09-14,37,9,2021
20210915,2021-09-15,37,9,2021
20210916,2021-09-16,37,9,2021
20210917,2021-09-17,37,9,2021
20210920,2021-09-20,38,9,2021
20210921,2021-09-21,38,9,2021
20210922,2021-09-22,38,9,2021
20210923,2021-09-23,38,9,2021
20210924,2021-09-24,38,9,2021
20210927,2021-09-27,39,9,2021
20210928,2021-09-28,39,9,2021
20210929,2021-09-29,39,9,2021
20210930,2021-09-30,39,9,2021
20210110,2021-01-10,1,1,2021
20210410,2021-04-10,14,4,2021
20210510,2021-05-10,19,5,2021
20210610,2021-06-10,23,6,2021
20210710,2021-07-10,27,7,2021
20210810,2021-08-10,32,8,2021
20211110,2021-11-10,45,11,2021
20211210,2021-12-10,49,12,2021
20211013,2021-10-13,41,10,2021
20211014,2021-10-14,41,10,2021
20211015,2021-10-15,41,10,2021
20211018,2021-10-18,42,10,2021
20211019,2021-10-19,42,10,2021
20211021,2021-10-21,42,10,2021
20211022,2021-10-22,42,10,2021
20211025,2021-10-25,43,10,2021
20211026,2021-10-26,43,10,2021
20211027,2021-10-27,43,10,2021
20211028,2021-10-28,43,10,2021
20211029,2021-10-29,43,10,2021
20210111,2021-01-11,2,1,2021
20210211,2021-02-11,6,2,2021
20210311,2021-03-11,10,3,2021
20210411,2021-04-11,14,4,2021
20210511,2021-05-11,19,5,2021
20210811,2021-08-11,32,8,2021
20210911,2021-09-11,36,9,2021
20211011,2021-10-11,41,10,2021
20211111,2021-11-11,45,11,2021
20211211,2021-12-11,49,12,2021
20211115,2021-11-15,46,11,2021
20211116,2021-11-16,46,11,2021
20211117,2021-11-17,46,11,2021
20211118,2021-11-18,46,11,2021
20211119,2021-11-19,46,11,2021
20211122,2021-11-22,47,11,2021
20211123,2021-11-23,47,11,2021
20211124,2021-11-24,47,11,2021
20211125,2021-11-25,47,11,2021
20211126,2021-11-26,47,11,2021
20211129,2021-11-29,48,11,2021
20211130,2021-11-30,48,11,2021
20210112,2021-01-12,2,1,2021
20210212,2021-02-12,6,2,2021
20210312,2021-03-12,10,3,2021
20210612,2021-06-12,23,6,2021
20210712,2021-07-12,28,7,2021
20210812,2021-08-12,32,8,2021
20210912,2021-09-12,36,9,2021
20211012,2021-10-12,41,10,2021
20211213,2021-12-13,50,12,2021
20211214,2021-12-14,50,12,2021
20211215,2021-12-15,50,12,2021
20211216,2021-12-16,50,12,2021
20211217,2021-12-17,50,12,2021
20211220,2021-12-20,51,12,2021
20211221,2021-12-21,51,12,2021
20211222,2021-12-22,51,12,2021
20211223,2021-12-23,51,12,2021
20211224,2021-12-24,51,12,2021
20211227,2021-12-27,52,12,2021
20211228,2021-12-28,52,12,2021
20211229,2021-12-29,52,12,2021
20211230,2021-12-30,52,12,2021
20220301,2022-03-01,9,3,2022
20220401,2022-04-01,13,4,2022
20220501,2022-05-01,17,5,2022
20220601,2022-06-01,22,6,2022
20220701,2022-07-01,26,7,2022
20221001,2022-10-01,39,10,2022
20221101,2022-11-01,44,11,2022
20221201,2022-12-01,48,12,2022
20220113,2022-01-13,2,1,2022
20220114,2022-01-14,2,1,2022
20220117,2022-01-17,3,1,2022
20220118,2022-01-18,3,1,2022
20220119,2022-01-19,3,1,2022
20220120,2022-01-20,3,1,2022
20220121,2022-01-21,3,1,2022
20220124,2022-01-24,4,1,2022
20220125,2022-01-25,4,1,2022
20220126,2022-01-26,4,1,2022
20220127,2022-01-27,4,1,2022
20220128,2022-01-28,4,1,2022
20220131,2022-01-31,5,1,2022
20220202,2022-02-02,5,2,2022
20220302,2022-03-02,9,3,2022
20220402,2022-04-02,13,4,2022
20220702,2022-07-02,26,7,2022
20220802,2022-08-02,31,8,2022
20220902,2022-09-02,35,9,2022
20221002,2022-10-02,39,10,2022
20221102,2022-11-02,44,11,2022
20220214,2022-02-14,7,2,2022
20220215,2022-02-15,7,2,2022
20220216,2022-02-16,7,2,2022
20220217,2022-02-17,7,2,2022
20220218,2022-02-18,7,2,2022
20220221,2022-02-21,8,2,2022
20220222,2022-02-22,8,2,2022
20220223,2022-02-23,8,2,2022
20220224,2022-02-24,8,2,2022
20220225,2022-02-25,8,2,2022
20220103,2022-01-03,1,1,2022
20220203,2022-02-03,5,2,2022
20220403,2022-04-03,13,4,2022
20220703,2022-07-03,26,7,2022
20220803,2022-08-03,31,8,2022
20220903,2022-09-03,35,9,2022
20221003,2022-10-03,40,10,2022
20221103,2022-11-03,44,11,2022
20220314,2022-03-14,11,3,2022
20220315,2022-03-15,11,3,2022
20220316,2022-03-16,11,3,2022
20220317,2022-03-17,11,3,2022
20220318,2022-03-18,11,3,2022
20220321,2022-03-21,12,3,2022
20220322,2022-03-22,12,3,2022
20220323,2022-03-23,12,3,2022
20220324,2022-03-24,12,3,2022
20220325,2022-03-25,12,3,2022
20220328,2022-03-28,13,3,2022
20220329,2022-03-29,13,3,2022
20220330,2022-03-30,13,3,2022
20220331,2022-03-31,13,3,2022
20220104,2022-01-04,1,1,2022
20220404,2022-04-04,14,4,2022
20220504,2022-05-04,18,5,2022
20220604,2022-06-04,22,6,2022
20220704,2022-07-04,27,7,2022
20220804,2022-08-04,31,8,2022
20221104,2022-11-04,44,11,2022
20221204,2022-12-04,48,12,2022
20220413,2022-04-13,15,4,2022
20220414,2022-04-14,15,4,2022
20220418,2022-04-18,16,4,2022
20220419,2022-04-19,16,4,2022
20220420,2022-04-20,16,4,2022
20220421,2022-04-21,16,4,2022
20220422,2022-04-22,16,4,2022
20220425,2022-04-25,17,4,2022
20220426,2022-04-26,17,4,2022
20220427,2022-04-27,17,4,2022
20220428,2022-04-28,17,4,2022
20220905,2022-09-05,36,9,2022
20221005,2022-10-05,40,10,2022
20221105,2022-11-05,44,11,2022
20221205,2022-12-05,49,12,2022
20220513,2022-05-13,19,5,2022
20220517,2022-05-17,20,5,2022
20220518,2022-05-18,20,5,2022
20220519,2022-05-19,20,5,2022
20220520,2022-05-20,20,5,2022
20220523,2022-05-23,21,5,2022
20220524,2022-05-24,21,5,2022
20220525,2022-05-25,21,5,2022
20220527,2022-05-27,21,5,2022
20220530,2022-05-30,22,5,2022
20220531,2022-05-31,22,5,2022
20220206,2022-02-06,5,2,2022
20220306,2022-03-06,9,3,2022
20220606,2022-06-06,23,6,2022
20220706,2022-07-06,27,7,2022
20220806,2022-08-06,31,8,2022
20220906,2022-09-06,36,9,2022
20221006,2022-10-06,40,10,2022
20220613,2022-06-13,24,6,2022
20220614,2022-06-14,24,6,2022
20220615,2022-06-15,24,6,2022
20220616,2022-06-16,24,6,2022
20220617,2022-06-17,24,6,2022
20220620,2022-06-20,25,6,2022
20220621,2022-06-21,25,6,2022
20220622,2022-06-22,25,6,2022
20220623,2022-06-23,25,6,2022
20220624,2022-06-24,25,6,2022
20220627,2022-06-27,26,6,2022
20220628,2022-06-28,26,6,2022
20220629,2022-06-29,26,6,2022
20220630,2022-06-30,26,6,2022
20220107,2022-01-07,1,1,2022
20220407,2022-04-07,14,4,2022
20220507,2022-05-07,18,5,2022
20220607,2022-06-07,23,6,2022
20220707,2022-07-07,27,7,2022
20220807,2022-08-07,31,8,2022
20221107,2022-11-07,45,11,2022
20221207,2022-12-07,49,12,2022
20220713,2022-07-13,28,7,2022
20220714,2022-07-14,28,7,2022
20220715,2022-07-15,28,7,2022
20220718,2022-07-18,29,7,2022
20220719,2022-07-19,29,7,2022
20220720,2022-07-20,29,7,2022
20220721,2022-07-21,29,7,2022
20220722,2022-07-22,29,7,2022
20220725,2022-07-25,30,7,2022
20220726,2022-07-26,30,7,2022
20220727,2022-07-27,30,7,2022
20220728,2022-07-28,30,7,2022
20220729,2022-07-29,30,7,2022
20220108,2022-01-08,1,1,2022
20220208,2022-02-08,6,2,2022
20220308,2022-03-08,10,3,2022
20220408,2022-04-08,14,4,2022
20220508,2022-05-08,18,5,2022
20220808,2022-08-08,32,8,2022
20220908,2022-09-08,36,9,2022
20221008,2022-10-08,40,10,2022
20221108,2022-11-08,45,11,2022
20221208,2022-12-08,49,12,2022
20220815,2022-08-15,33,8,2022
20220816,2022-08-16,33,8,2022
20220818,2022-08-18,33,8,2022
20220819,2022-08-19,33,8,2022
20220822,2022-08-22,34,8,2022
20220823,2022-08-23,34,8,2022
20220824,2022-08-24,34,8,2022
20220825,2022-08-25,34,8,2022
20220826,2022-08-26,34,8,2022
20220829,2022-08-29,35,8,2022
20220830,2022-08-30,35,8,2022
20220831,2022-08-31,35,8,2022
20220109,2022-01-09,1,1,2022
20220209,2022-02-09,6,2,2022
20220509,2022-05-09,19,5,2022
20220609,2022-06-09,23,6,2022
20220709,2022-07-09,27,7,2022
20220809,2022-08-09,32,8,2022
20220909,2022-09-09,36,9,2022
20221209,2022-12-09,49,12,2022
20220913,2022-09-13,37,9,2022
20220914,2022-09-14,37,9,2022
20220915,2022-09-15,37,9,2022
20220916,2022-09-16,37,9,2022
20220919,2022-09-19,38,9,2022
20220920,2022-09-20,38,9,2022
20220921,2022-09-21,38,9,2022
20220922,2022-09-22,38,9,2022
20220923,2022-09-23,38,9,2022
20220926,2022-09-26,39,9,2022
20220927,2022-09-27,39,9,2022
20220928,2022-09-28,39,9,2022
20220929,2022-09-29,39,9,2022
20220930,2022-09-30,39,9,2022
20220310,2022-03-10,10,3,2022
20220410,2022-04-10,14,4,2022
20220510,2022-05-10,19,5,2022
20220610,2022-06-10,23,6,2022
20220710,2022-07-10,27,7,2022
20221010,2022-10-10,41,10,2022
20221110,2022-11-10,45,11,2022
20221210,2022-12-10,49,12,2022
20221013,2022-10-13,41,10,2022
20221014,2022-10-14,41,10,2022
20221017,2022-10-17,42,10,2022
20221018,2022-10-18,42,10,2022
20221019,2022-10-19,42,10,2022
20221020,2022-10-20,42,10,2022
20221021,2022-10-21,42,10,2022
20221024,2022-10-24,43,10,2022
20221025,2022-10-25,43,10,2022
20221026,2022-10-26,43,10,2022
20221027,2022-10-27,43,10,2022
20221028,2022-10-28,43,10,2022
20221031,2022-10-31,44,10,2022
20220111,2022-01-11,2,1,2022
20220211,2022-02-11,6,2,2022
20220311,2022-03-11,10,3,2022
20220411,2022-04-11,15,4,2022
20220711,2022-07-11,28,7,2022
20220811,2022-08-11,32,8,2022
20220911,2022-09-11,36,9,2022
20221011,2022-10-11,41,10,2022
20221111,2022-11-11,45,11,2022
20221114,2022-11-14,46,11,2022
20221115,2022-11-15,46,11,2022
20221116,2022-11-16,46,11,2022
20221117,2022-11-17,46,11,2022
20221118,2022-11-18,46,11,2022
20221121,2022-11-21,47,11,2022
20221122,2022-11-22,47,11,2022
20221123,2022-11-23,47,11,2022
20221124,2022-11-24,47,11,2022
20221125,2022-11-25,47,11,2022
20221128,2022-11-28,48,11,2022
20221129,2022-11-29,48,11,2022
20221130,2022-11-30,48,11,2022
20220112,2022-01-12,2,1,2022
20220212,2022-02-12,6,2,2022
20220512,2022-05-12,19,5,2022
20220612,2022-06-12,23,6,2022
20220712,2022-07-12,28,7,2022
20220812,2022-08-12,32,8,2022
20220912,2022-09-12,37,9,2022
20221212,2022-12-12,50,12,2022
20221213,2022-12-13,50,12,2022
20221214,2022-12-14,50,12,2022
20221215,2022-12-15,50,12,2022
20221216,2022-12-16,50,12,2022
20221219,2022-12-19,51,12,2022
20221220,2022-12-20,51,12,2022
20221221,2022-12-21,51,12,2022
20221222,2022-12-22,51,12,2022
20221223,2022-12-23,51,12,2022
20221226,2022-12-26,52,12,2022
20221227,2022-12-27,52,12,2022
20221228,2022-12-28,52,12,2022
20221229,2022-12-29,52,12,2022
20221230,2022-12-30,52,12,2022
20230201,2023-02-01,5,2,2023
20230301,2023-03-01,9,3,2023
20230401,2023-04-01,13,4,2023
20230501,2023-05-01,18,5,2023
20230601,2023-06-01,22,6,2023
20230901,2023-09-01,35,9,2023
20231001,2023-10-01,39,10,2023
20231101,2023-11-01,44,11,2023
20231201,2023-12-01,48,12,2023
20230113,2023-01-13,2,1,2023
20230116,2023-01-16,3,1,2023
20230117,2023-01-17,3,1,2023
20230118,2023-01-18,3,1,2023
20230119,2023-01-19,3,1,2023
20230120,2023-01-20,3,1,2023
20230124,2023-01-24,4,1,2023
20230125,2023-01-25,4,1,2023
20230126,2023-01-26,4,1,2023
20230127,2023-01-27,4,1,2023
20230130,2023-01-30,5,1,2023
20230131,2023-01-31,5,1,2023
20230102,2023-01-02,1,1,2023
20230202,2023-02-02,5,2,2023
20230302,2023-03-02,9,3,2023
20230602,2023-06-02,22,6,2023
20230702,2023-07-02,26,7,2023
20230802,2023-08-02,31,8,2023
20230902,2023-09-02,35,9,2023
20231002,2023-10-02,40,10,2023
20230213,2023-02-13,7,2,2023
20230214,2023-02-14,7,2,2023
20230215,2023-02-15,7,2,2023
20230216,2023-02-16,7,2,2023
20230217,2023-02-17,7,2,2023
20230220,2023-02-20,8,2,2023
20230221,2023-02-21,8,2,2023
20230222,2023-02-22,8,2,2023
20230223,2023-02-23,8,2,2023
20230224,2023-02-24,8,2,2023
20230227,2023-02-27,9,2,2023
20230228,2023-02-28,9,2,2023
20230103,2023-01-03,1,1,2023
20230203,2023-02-03,5,2,2023
20230303,2023-03-03,9,3,2023
20230603,2023-06-03,22,6,2023
20230703,2023-07-03,27,7,2023
20230803,2023-08-03,31,8,2023
20230903,2023-09-03,35,9,2023
20231003,2023-10-03,40,10,2023
20230313,2023-03-13,11,3,2023
20230314,2023-03-14,11,3,2023
20230315,2023-03-15,11,3,2023
20230316,2023-03-16,11,3,2023
20230317,2023-03-17,11,3,2023
20230320,2023-03-20,12,3,2023
20230321,2023-03-21,12,3,2023
20230324,2023-03-24,12,3,2023
20230327,2023-03-27,13,3,2023
20230328,2023-03-28,13,3,2023
20230329,2023-03-29,13,3,2023
20230330,2023-03-30,13,3,2023
20230331,2023-03-31,13,3,2023
20230304,2023-03-04,9,3,2023
20230404,2023-04-04,14,4,2023
20230504,2023-05-04,18,5,2023
20230604,2023-06-04,22,6,2023
20231004,2023-10-04,40,10,2023
20231104,2023-11-04,44,11,2023
20231204,2023-12-04,49,12,2023
20230413,2023-04-13,15,4,2023
20230414,2023-04-14,15,4,2023
20230417,2023-04-17,16,4,2023
20230418,2023-04-18,16,4,2023
20230426,2023-04-26,17,4,2023
20230427,2023-04-27,17,4,2023
20230428,2023-04-28,17,4,2023
20230205,2023-02-05,5,2,2023
20230305,2023-03-05,9,3,2023
20230405,2023-04-05,14,4,2023
20230505,2023-05-05,18,5,2023
20230805,2023-08-05,31,8,2023
20230905,2023-09-05,36,9,2023
20231005,2023-10-05,40,10,2023
20231105,2023-11-05,44,11,2023
20231205,2023-12-05,49,12,2023
20230515,2023-05-15,20,5,2023
20230516,2023-05-16,20,5,2023
20230517,2023-05-17,20,5,2023
20230519,2023-05-19,20,5,2023
20230522,2023-05-22,21,5,2023
20230523,2023-05-23,21,5,2023
20230524,2023-05-24,21,5,2023
20230525,2023-05-25,21,5,2023
20230526,2023-05-26,21,5,2023
20230529,2023-05-29,22,5,2023
20230530,2023-05-30,22,5,2023
20230531,2023-05-31,22,5,2023
20230506,2023-05-06,18,5,2023
20230606,2023-06-06,23,6,2023
20230706,2023-07-06,27,7,2023
20230806,2023-08-06,31,8,2023
20230906,2023-09-06,36,9,2023
20231206,2023-12-06,49,12,2023
20230613,2023-06-13,24,6,2023
20230614,2023-06-14,24,6,2023
20230615,2023-06-15,24,6,2023
20230616,2023-06-16,24,6,2023
20230619,2023-06-19,25,6,2023
20230620,2023-06-20,25,6,2023
20230621,2023-06-21,25,6,2023
20230622,2023-06-22,25,6,2023
20230623,2023-06-23,25,6,2023
20230626,2023-06-26,26,6,2023
20230627,2023-06-27,26,6,2023
20230307,2023-03-07,10,3,2023
20230407,2023-04-07,14,4,2023
20230507,2023-05-07,18,5,2023
20230607,2023-06-07,23,6,2023
20230707,2023-07-07,27,7,2023
20231007,2023-10-07,40,10,2023
20231107,2023-11-07,45,11,2023
20231207,2023-12-07,49,12,2023
20230713,2023-07-13,28,7,2023
20230714,2023-07-14,28,7,2023
20230717,2023-07-17,29,7,2023
20230718,2023-07-18,29,7,2023
20230720,2023-07-20,29,7,2023
20230721,2023-07-21,29,7,2023
20230724,2023-07-24,30,7,2023
20230725,2023-07-25,30,7,2023
20230726,2023-07-26,30,7,2023
20230727,2023-07-27,30,7,2023
20230728,2023-07-28,30,7,2023
20230731,2023-07-31,31,7,2023
20230108,2023-01-08,1,1,2023
20230208,2023-02-08,6,2,2023
20230308,2023-03-08,10,3,2023
20230408,2023-04-08,14,4,2023
20230708,2023-07-08,27,7,2023
20230808,2023-08-08,32,8,2023
20230908,2023-09-08,36,9,2023
20231008,2023-10-08,40,10,2023
20231108,2023-11-08,45,11,2023
20230814,2023-08-14,33,8,2023
20230815,2023-08-15,33,8,2023
20230816,2023-08-16,33,8,2023
20230818,2023-08-18,33,8,2023
20230821,2023-08-21,34,8,2023
20230822,2023-08-22,34,8,2023
20230823,2023-08-23,34,8,2023
20230824,2023-08-24,34,8,2023
20230825,2023-08-25,34,8,2023
20230828,2023-08-28,35,8,2023
20230829,2023-08-29,35,8,2023
20230830,2023-08-30,35,8,2023
20230831,2023-08-31,35,8,2023
20230109,2023-01-09,2,1,2023
20230409,2023-04-09,14,4,2023
20230509,2023-05-09,19,5,2023
20230609,2023-06-09,23,6,2023
20230709,2023-07-09,27,7,2023
20230809,2023-08-09,32,8,2023
20231109,2023-11-09,45,11,2023
20231209,2023-12-09,49,12,2023
20230913,2023-09-13,37,9,2023
20230914,2023-09-14,37,9,2023
20230915,2023-09-15,37,9,2023
20230918,2023-09-18,38,9,2023
20230919,2023-09-19,38,9,2023
20230920,2023-09-20,38,9,2023
20230921,2023-09-21,38,9,2023
20230922,2023-09-22,38,9,2023
20230925,2023-09-25,39,9,2023
20230926,2023-09-26,39,9,2023
20230927,2023-09-27,39,9,2023
20230929,2023-09-29,39,9,2023
20230210,2023-02-10,6,2,2023
20230310,2023-03-10,10,3,2023
20230410,2023-04-10,15,4,2023
20230510,2023-05-10,19,5,2023
20230610,2023-06-10,23,6,2023
20230910,2023-09-10,36,9,2023
20231010,2023-10-10,41,10,2023
20231110,2023-11-10,45,11,2023
20231210,2023-12-10,49,12,2023
20231013,2023-10-13,41,10,2023
20231016,2023-10-16,42,10,2023
20231017,2023-10-17,42,10,2023
20231018,2023-10-18,42,10,2023
20231019,2023-10-19,42,10,2023
20231020,2023-10-20,42,10,2023
20231023,2023-10-23,43,10,2023
20231024,2023-10-24,43,10,2023
20231025,2023-10-25,43,10,2023
20231026,2023-10-26,43,10,2023
20231027,2023-10-27,43,10,2023
20231030,2023-10-30,44,10,2023
20231031,2023-10-31,44,10,2023
20230111,2023-01-11,2,1,2023
20230211,2023-02-11,6,2,2023
20230311,2023-03-11,10,3,2023
20230611,2023-06-11,23,6,2023
20230711,2023-07-11,28,7,2023
20230811,2023-08-11,32,8,2023
20230911,2023-09-11,37,9,2023
20231011,2023-10-11,41,10,2023
20231113,2023-11-13,46,11,2023
20231114,2023-11-14,46,11,2023
20231115,2023-11-15,46,11,2023
20231116,2023-11-16,46,11,2023
20231117,2023-11-17,46,11,2023
20231120,2023-11-20,47,11,2023
20231121,2023-11-21,47,11,2023
20231122,2023-11-22,47,11,2023
20231123,2023-11-23,47,11,2023
20231124,2023-11-24,47,11,2023
20231127,2023-11-27,48,11,2023
20231128,2023-11-28,48,11,2023
20231129,2023-11-29,48,11,2023
20231130,2023-11-30,48,11,2023
20230112,2023-01-12,2,1,2023
20230412,2023-04-12,15,4,2023
20230512,2023-05-12,19,5,2023
20230612,2023-06-12,24,6,2023
20230712,2023-07-12,28,7,2023
20230812,2023-08-12,32,8,2023
20231112,2023-11-12,45,11,2023
20231212,2023-12-12,50,12,2023
20231213,2023-12-13,50,12,2023
20231214,2023-12-14,50,12,2023
20231215,2023-12-15,50,12,2023
20231218,2023-12-18,51,12,2023
20231219,2023-12-19,51,12,2023
20231220,2023-12-20,51,12,2023
20231221,2023-12-21,51,12,2023
20231222,2023-12-22,51,12,2023
20231227,2023-12-27,52,12,2023
20231228,2023-12-28,52,12,2023
20231229,2023-12-29,52,12,2023
20240201,2024-02-01,5,2,2024
20240301,2024-03-01,9,3,2024
20240401,2024-04-01,14,4,2024
20240501,2024-05-01,18,5,2024
20240801,2024-08-01,31,8,2024
20240901,2024-09-01,35,9,2024
20241001,2024-10-01,40,10,2024
20241101,2024-11-01,44,11,2024
20241201,2024-12-01,48,12,2024
20240115,2024-01-15,3,1,2024
20240116,2024-01-16,3,1,2024
20240117,2024-01-17,3,1,2024
20240118,2024-01-18,3,1,2024
20240119,2024-01-19,3,1,2024
20240122,2024-01-22,4,1,2024
20240123,2024-01-23,4,1,2024
20240124,2024-01-24,4,1,2024
20240125,2024-01-25,4,1,2024
20240126,2024-01-26,4,1,2024
20240129,2024-01-29,5,1,2024
20240130,2024-01-30,5,1,2024
20240131,2024-01-31,5,1,2024
20240102,2024-01-02,1,1,2024
20240202,2024-02-02,5,2,2024
20240502,2024-05-02,18,5,2024
20240602,2024-06-02,22,6,2024
20240702,2024-07-02,27,7,2024
20241202,2024-12-02,49,12,2024
20240213,2024-02-13,7,2,2024
20240215,2024-02-15,7,2,2024
20240216,2024-02-16,7,2,2024
20240219,2024-02-19,8,2,2024
20240220,2024-02-20,8,2,2024
20240221,2024-02-21,8,2,2024
20240222,2024-02-22,8,2,2024
20240223,2024-02-23,8,2,2024
20240226,2024-02-26,9,2,2024
20240227,2024-02-27,9,2,2024
20240228,2024-02-28,9,2,2024
20240229,2024-02-29,9,2,2024
20240103,2024-01-03,1,1,2024
20240403,2024-04-03,14,4,2024
20240503,2024-05-03,18,5,2024
20240603,2024-06-03,23,6,2024
20240703,2024-07-03,27,7,2024
20240803,2024-08-03,31,8,2024
20240313,2024-03-13,11,3,2024
20240314,2024-03-14,11,3,2024
20240315,2024-03-15,11,3,2024
20240318,2024-03-18,12,3,2024
20240319,2024-03-19,12,3,2024
20240320,2024-03-20,12,3,2024
20240321,2024-03-21,12,3,2024
20240322,2024-03-22,12,3,2024
20240325,2024-03-25,13,3,2024
20240326,2024-03-26,13,3,2024
20240327,2024-03-27,13,3,2024
20240328,2024-03-28,13,3,2024
20240104,2024-01-04,1,1,2024
20240204,2024-02-04,5,2,2024
20240304,2024-03-04,10,3,2024
20240404,2024-04-04,14,4,2024
20240504,2024-05-04,18,5,2024
20240416,2024-04-16,16,4,2024
20240417,2024-04-17,16,4,2024
20240418,2024-04-18,16,4,2024
20240419,2024-04-19,16,4,2024
20240422,2024-04-22,17,4,2024
20240423,2024-04-23,17,4,2024
20240424,2024-04-24,17,4,2024
20240425,2024-04-25,17,4,2024
20240426,2024-04-26,17,4,2024
20240429,2024-04-29,18,4,2024
20240430,2024-04-30,18,4,2024
20240205,2024-02-05,6,2,2024
20240305,2024-03-05,10,3,2024
20240605,2024-06-05,23,6,2024
20240705,2024-07-05,27,7,2024
20240805,2024-08-05,32,8,2024
20240513,2024-05-13,20,5,2024
20240514,2024-05-14,20,5,2024
20240515,2024-05-15,20,5,2024
20240516,2024-05-16,20,5,2024
20240517,2024-05-17,20,5,2024
20240520,2024-05-20,21,5,2024
20240521,2024-05-21,21,5,2024
20240522,2024-05-22,21,5,2024
20240527,2024-05-27,22,5,2024
20240528,2024-05-28,22,5,2024
20240529,2024-05-29,22,5,2024
20240530,2024-05-30,22,5,2024
20240531,2024-05-31,22,5,2024
20240306,2024-03-06,10,3,2024
20240406,2024-04-06,14,4,2024
20240506,2024-05-06,19,5,2024
20240606,2024-06-06,23,6,2024
20240706,2024-07-06,27,7,2024
20241006,2024-10-06,40,10,2024
20241106,2024-11-06,45,11,2024
20241206,2024-12-06,49,12,2024
20240613,2024-06-13,24,6,2024
20240614,2024-06-14,24,6,2024
20240619,2024-06-19,25,6,2024
20240620,2024-06-20,25,6,2024
20240621,2024-06-21,25,6,2024
20240624,2024-06-24,26,6,2024
20240625,2024-06-25,26,6,2024
20240626,2024-06-26,26,6,2024
20240627,2024-06-27,26,6,2024
20240628,2024-06-28,26,6,2024
20240107,2024-01-07,1,1,2024
20240207,2024-02-07,6,2,2024
20240307,2024-03-07,10,3,2024
20240407,2024-04-07,14,4,2024
20240507,2024-05-07,19,5,2024
20240807,2024-08-07,32,8,2024
20240907,2024-09-07,36,9,2024
20241007,2024-10-07,41,10,2024
20241107,2024-11-07,45,11,2024
20241207,2024-12-07,49,12,2024
20240715,2024-07-15,29,7,2024
20240716,2024-07-16,29,7,2024
20240717,2024-07-17,29,7,2024
20240718,2024-07-18,29,7,2024
20240719,2024-07-19,29,7,2024
20240722,2024-07-22,30,7,2024
20240723,2024-07-23,30,7,2024
20240724,2024-07-24,30,7,2024
20240725,2024-07-25,30,7,2024
20240726,2024-07-26,30,7,2024
20240729,2024-07-29,31,7,2024
20240730,2024-07-30,31,7,2024
20240731,2024-07-31,31,7,2024
20240108,2024-01-08,2,1,2024
20240208,2024-02-08,6,2,2024
20240508,2024-05-08,19,5,2024
20240608,2024-06-08,23,6,2024
20240708,2024-07-08,28,7,2024
20240808,2024-08-08,32,8,2024
20240908,2024-09-08,36,9,2024
20241208,2024-12-08,49,12,2024
20240813,2024-08-13,33,8,2024
20240814,2024-08-14,33,8,2024
20240815,2024-08-15,33,8,2024
20240816,2024-08-16,33,8,2024
20240819,2024-08-19,34,8,2024
20240820,2024-08-20,34,8,2024
20240821,2024-08-21,34,8,2024
20240822,2024-08-22,34,8,2024
20240823,2024-08-23,34,8,2024
20240826,2024-08-26,35,8,2024
20240827,2024-08-27,35,8,2024
20240828,2024-08-28,35,8,2024
20240829,2024-08-29,35,8,2024
20240830,2024-08-30,35,8,2024
20240209,2024-02-09,6,2,2024
20240309,2024-03-09,10,3,2024
20240409,2024-04-09,15,4,2024
20240509,2024-05-09,19,5,2024
20240609,2024-06-09,23,6,2024
20240909,2024-09-09,37,9,2024
20241009,2024-10-09,41,10,2024
20241109,2024-11-09,45,11,2024
20241209,2024-12-09,50,12,2024
20240913,2024-09-13,37,9,2024
20240917,2024-09-17,38,9,2024
20240918,2024-09-18,38,9,2024
20240919,2024-09-19,38,9,2024
20240920,2024-09-20,38,9,2024
20240923,2024-09-23,39,9,2024
20240924,2024-09-24,39,9,2024
20240925,2024-09-25,39,9,2024
20240926,2024-09-26,39,9,2024
20240927,2024-09-27,39,9,2024
20240930,2024-09-30,40,9,2024
20240110,2024-01-10,2,1,2024
20240210,2024-02-10,6,2,2024
20240310,2024-03-10,10,3,2024
20240410,2024-04-10,15,4,2024
20240710,2024-07-10,28,7,2024
20240810,2024-08-10,32,8,2024
20240910,2024-09-10,37,9,2024
20241010,2024-10-10,41,10,2024
20241110,2024-11-10,45,11,2024
20241014,2024-10-14,42,10,2024
20241015,2024-10-15,42,10,2024
20241016,2024-10-16,42,10,2024
20241017,2024-10-17,42,10,2024
20241018,2024-10-18,42,10,2024
20241021,2024-10-21,43,10,2024
20241022,2024-10-22,43,10,2024
20241023,2024-10-23,43,10,2024
20241024,2024-10-24,43,10,2024
20241025,2024-10-25,43,10,2024
20241028,2024-10-28,44,10,2024
20241029,2024-10-29,44,10,2024
20241030,2024-10-30,44,10,2024
20241031,2024-10-31,44,10,2024
20240111,2024-01-11,2,1,2024
20240411,2024-04-11,15,4,2024
20240511,2024-05-11,19,5,2024
20240611,2024-06-11,24,6,2024
